company,title,year
A24,A Glimpse Inside the Mind of Charles Swan III,2013
A24,Ginger & Rosa,2013
A24,Spring Breakers,2013
A24,The Bling Ring,2013
A24,The Spectacular Now,2013
A24,A Most Violent Year,2014
A24,Enemy,2014
A24,Laggies,2014
A24,Life After Beth,2014
A24,Locke,2014
A24,Obvious Child,2014
A24,Revenge of the Green Dragons,2014
A24,The Captive,2014
A24,The Rover,2014
A24,Tusk,2014
A24,Under the Skin,2014
A24,Amy,2015
A24,Barely Lethal,2015
A24,Cut Bank,2015
A24,Dark Places,2015
A24,Ex Machina,2015
A24,Mississippi Grind,2015
A24,Room,2015
A24,Slow West,2015
A24,Son of a Gun,2015
A24,The End of the Tour,2015
A24,While We're Young,2015
A24,20th Century Women,2016
A24,American Honey,2016
A24,De Palma,2016
A24,Equals,2016
A24,Green Room,2016
A24,Into the Forest,2016
A24,Krisha,2016
A24,Mojave,2016
A24,Moonlight,2016
A24,Morris from America,2016
A24,Oasis: Supersonic,2016
A24,Remember,2016
A24,Swiss Army Man,2016
A24,The Adderall Diaries,2016
A24,The Lobster,2016
A24,The Monster,2016
A24,The Sea of Trees,2016
A24,The Witch,2016
A24,A Ghost Story,2017
A24,Free Fire,2017
A24,Good Time,2017
A24,It Comes at Night,2017
A24,Lady Bird,2017
A24,Menashe,2017
A24,The Ballad of Lefty Brown,2017
A24,The Blackcoat's Daughter,2017
A24,The Disaster Artist,2017
A24,The Exception,2017
A24,The Florida Project,2017
A24,The Killing of a Sacred Deer,2017
A24,The Lovers,2017
A24,Trespass Against Us,2017
A24,Woodshock,2017
A24,A Prayer Before Dawn,2018
A24,Backstabbing for Beginners,2018
A24,Eighth Grade,2018
A24,First Reformed,2018
A24,Hereditary,2018
A24,Hot Summer Nights,2018
A24,How to Talk to Girls at Parties,2018
A24,Lean on Pete,2018
A24,Mid90s,2018
A24,Never Goin' Back,2018
A24,Slice,2018
A24,The Children Act,2018
A24,The Last Movie Star,2018
A24,The Vanishing of Sidney Hall,2018
A24,Woman Walks Ahead,2018
A24,Climax,2019
A24,Gloria Bell,2019
A24,High Life,2019
A24,In Fabric,2019
A24,Low Tide,2019
A24,Midsommar,2019
A24,Native Son,2019
A24,Outlaws,2019
A24,Share,2019
A24,Skin,2019
A24,The Death of Dick Long,2019
A24,The Elephant Queen,2019
A24,The Farewell,2019
A24,The Hole in the Ground,2019
A24,The Kill Team,2019
A24,The Last Black Man in San Francisco,2019
A24,The Lighthouse,2019
A24,The Souvenir,2019
A24,Uncut Gems,2019
A24,Under the Silver Lake,2019
A24,Waves,2019
A24,Boys State,2020
A24,First Cow,2020
A24,On the Rocks,2020
A24,C'mon C'mon,2021
A24,False Positive,2021
A24,Lamb,2021
A24,Minari,2021
A24,Red Rocket,2021
A24,Saint Maud,2021
A24,The Green Knight,2021
A24,The Humans,2021
A24,The Souvenir Part II,2021
A24,The Tragedy of Macbeth,2021
A24,Val,2021
A24,Zola,2021
A24,After Yang,2022
A24,Aftersun,2022
A24,Bodies Bodies Bodies,2022
A24,Causeway,2022
A24,Close,2022
A24,Elizabeth: A Portrait in Parts,2022
A24,Everything Everywhere All at Once,2022
A24,Funny Pages,2022
A24,God's Creatures,2022
A24,Instinct,2022
A24,Marcel the Shell with Shoes On,2022
A24,Men,2022
A24,Pearl,2022
A24,Stars at Noon,2022
A24,The Inspection,2022
A24,The Sky Is Everywhere,2022
A24,The Whale,2022
A24,This Place Rules,2022
A24,White Noise,2022
A24,X,2022
A24,All Dirt Roads Taste of Salt,2023
A24,Beau Is Afraid,2023
A24,Dicks: The Musical,2023
A24,Dream Scenario,2023
A24,Earth Mama,2023
A24,Medusa Deluxe,2023
A24,Occupied City,2023
A24,Past Lives,2023
A24,Pi,2023
A24,Priscilla,2023
A24,Sharper,2023
A24,Showing Up,2023
A24,Stephen Curry: Underrated,2023
A24,Stop Making Sense,2023
A24,Talk to Me,2023
A24,The Deepest Breath,2023
A24,The Iron Claw,2023
A24,The Zone of Interest,2023
A24,When You Finish Saving the World,2023
A24,You Hurt My Feelings,2023
A24,A Different Man,2024
A24,Babygirl,2024
A24,Civil War,2024
A24,Heretic,2024
A24,I Saw the TV Glow,2024
A24,Janet Planet,2024
A24,Jerry Lee Lewis: Trouble in Mind,2024
A24,Love Lies Bleeding,2024
A24,MaXXXine,2024
A24,Morgan Neville,2024
A24,My Mercury,2024
A24,Open Wide,2024
A24,Problemista,2024
A24,Queer,2024
A24,Sing Sing,2024
A24,The Brutalist,2024
A24,The Front Room,2024
A24,The Last of the Sea Women,2024
A24,Tuesday,2024
A24,Y2K,2024
A24,Architecton,2025
A24,Bring Her Back,2025
A24,Death of a Unicorn,2025
A24,Eddington,2025
A24,Eternity,2025
A24,Friendship,2025
A24,Highest 2 Lowest,2025
A24,If I Had Legs I'd Kick You,2025
A24,Marty Supreme,2025
A24,Materialists,2025
A24,Ne Zha 2,2025
A24,On Becoming a Guinea Fowl,2025
A24,Opus,2025
A24,Parthenope,2025
A24,"Sorry, Baby",2025
A24,The Legend of Ochi,2025
A24,The Smashing Machine,2025
A24,Warfare,2025
A24,How to Make a Killing,2026
A24,Pillion,2026
A24,The Moment,2026
Mubi,Arabian Nights,2016
Mubi,Baden Baden,2016
Mubi,"I, Olga",2016
Mubi,The Blue Room,2016
Mubi,Antiporno,2017
Mubi,Félicité,2017
Mubi,Mimosas,2017
Mubi,On Body and Soul,2017
Mubi,Slack Bay,2017
Mubi,The Happiest Day in the Life of Olli Mäki,2017
Mubi,The Son of Joseph,2017
Mubi,Weirdos,2017
Mubi,Wet Woman in the Wind,2017
Mubi,"Don't Worry, He Won't Get Far on Foot",2018
Mubi,Have a Nice Day,2018
Mubi,Lover for a Day,2018
Mubi,Ryuichi Sakamoto: Coda,2018
Mubi,Suspiria,2018
Mubi,The Apparition,2018
Mubi,Touch Me Not,2018
Mubi,Beanpole,2019
Mubi,Border,2019
Mubi,Knife + Heart,2019
Mubi,LETO,2019
Mubi,Madeline's Madeline,2019
Mubi,Under the Silver Lake,2019
Mubi,Zombi Child,2019
Mubi,Bacurau,2020
Mubi,Ema,2020
Mubi,"Family Romance, LLC",2020
Mubi,Farewell Amor,2020
Mubi,Matthias & Maxime,2020
Mubi,Peter Strickland,2020
Mubi,Swallow,2020
Mubi,The Other Lamb,2020
Mubi,The Staggering Girl,2020
Mubi,Tripping with Nils Frahm,2020
Mubi,Yorgos Lanthimos,2020
Mubi,Annette,2021
Mubi,Azor,2021
Mubi,Beginning,2021
Mubi,Cryptozoo,2021
Mubi,Dead Pigs,2021
Mubi,First Cow,2021
Mubi,Ghosts,2021
Mubi,Lamb,2021
Mubi,Limbo,2021
Mubi,New Order,2021
Mubi,Notturno,2021
Mubi,Petite Maman,2021
Mubi,Reha Erdem,2021
Mubi,Shiva Baby,2021
Mubi,Songs My Brothers Taught Me,2021
Mubi,State Funeral,2021
Mubi,Sweat,2021
Mubi,What Do We See When We Look at the Sky?,2021
Mubi,A Chiara,2022
Mubi,Aftersun,2022
Mubi,Benedetta,2022
Mubi,Bergman Island,2022
Mubi,Cow,2022
Mubi,Crimes of the Future,2022
Mubi,Decision to Leave,2022
Mubi,Drive My Car,2022
Mubi,Faya Dayi,2022
Mubi,Free Chol Soo Lee,2022
Mubi,Great Freedom,2022
Mubi,"Lingui, The Sacred Bonds",2022
Mubi,Memoria,2022
Mubi,One Second,2022
Mubi,"Paris, 13th District",2022
Mubi,Pleasure,2022
Mubi,Prayers for the Stolen,2022
Mubi,The African Desperate,2022
Mubi,The Cathedral,2022
Mubi,The Humans,2022
Mubi,The Worst Person in The World,2022
Mubi,Titane,2022
Mubi,Alcarràs,2023
Mubi,Close,2023
Mubi,Fallen Leaves,2023
Mubi,Holy Spider,2023
Mubi,How to Have Sex,2023
Mubi,Inshallah a Boy,2023
Mubi,Leila's Brothers,2023
Mubi,Medusa Deluxe,2023
Mubi,One Fine Morning,2023
Mubi,Passages,2023
Mubi,Priscilla,2023
Mubi,Return to Seoul,2023
Mubi,Robe of Gems,2023
Mubi,Rotting in the Sun,2023
Mubi,Strange Way of Life,2023
Mubi,The Delinquents,2023
Mubi,The Five Devils,2023
Mubi,Unclenching the Fists,2023
Mubi,Bird,2024
Mubi,Crossing,2024
Mubi,Dahomey,2024
Mubi,Do Not Expect Too Much from the End of the World,2024
Mubi,Emilia Pérez,2024
Mubi,Gasoline Rainbow,2024
Mubi,High & Low – John Galliano,2024
Mubi,Made in England: The Films of Powell and Pressburger,2024
Mubi,Maria,2024
Mubi,Memory,2024
Mubi,Motel Destino,2024
Mubi,Perfect Days,2024
Mubi,Queer,2024
Mubi,Self-Portrait as a Coffee Pot,2024
Mubi,The Fall,2024
Mubi,The Girl with the Needle,2024
Mubi,The Last Year of Darkness,2024
Mubi,The Settlers,2024
Mubi,The Substance,2024
Mubi,Witches,2024
Mubi,Yannick,2024
Mubi,Amores perros,2025
Mubi,April,2025
Mubi,Bring Them Down,2025
Mubi,Die My Love,2025
Mubi,Father Mother Sister Brother,2025
Mubi,Grand Theft Hamlet,2025
Mubi,Grand Tour,2025
Mubi,Harvest,2025
Mubi,Hot Milk,2025
Mubi,Hysteria,2025
Mubi,It Was Just an Accident,2025
Mubi,La grazia,2025
Mubi,Lurker,2025
Mubi,Magic Farm,2025
Mubi,My Father's Shadow,2025
Mubi,Pavements,2025
Mubi,Sentimental Value,2025
Mubi,September Says,2025
Mubi,The End,2025
Mubi,The History of Sound,2025
Mubi,The Mastermind,2025
Mubi,The Ugly Stepsister,2025
Mubi,Vice Is Broke,2025
Mubi,Arco,2026
Mubi,No Other Choice,2026
Mubi,Sirāt,2026
Mubi,Sound of Falling,2026
Mubi,The Secret Agent,2026
Neon,Beach Rats,2017
Neon,Colossal,2017
Neon,"I, Tonya",2017
Neon,Ingrid Goes West,2017
Neon,Risk,2017
Neon,The B-Side: Elsa Dorfman's Portrait Photography,2017
Neon,The Bad Batch,2017
Neon,Assassination Nation,2018
Neon,Bodied,2018
Neon,Border,2018
Neon,Borg vs McEnroe,2018
Neon,Gemini,2018
Neon,Monsters and Men,2018
Neon,Revenge,2018
Neon,Three Identical Strangers,2018
Neon,Vox Lux,2018
Neon,Amazing Grace,2019
Neon,Apollo 11,2019
Neon,Clemency,2019
Neon,Honeyland,2019
Neon,Little Monsters,2019
Neon,Little Woods,2019
Neon,Luce,2019
Neon,Monos,2019
Neon,Parasite,2019
Neon,Portrait of a Lady on Fire,2019
Neon,The Beach Bum,2019
Neon,The Biggest Little Farm,2019
Neon,Wild Rose,2019
Neon,Ammonite,2020
Neon,Bad Hair,2020
Neon,Big Time Adolescence,2020
Neon,Palm Springs,2020
Neon,Possessor,2020
Neon,She Dies Tomorrow,2020
Neon,Shirley,2020
Neon,Spaceship Earth,2020
Neon,The Lodge,2020
Neon,The Painter and the Thief,2020
Neon,Totally Under Control,2020
Neon,Ailey,2021
Neon,Billie Eilish: The World's a Little Blurry,2021
Neon,Flee,2021
Neon,Gunda,2021
Neon,Memoria,2021
Neon,Memories of Murder,2021
Neon,New Order,2021
Neon,Petite Maman,2021
Neon,Pig,2021
Neon,Spencer,2021
Neon,The Killing of Two Lovers,2021
Neon,The Worst Person in the World,2021
Neon,The Year of the Everlasting Storm,2021
Neon,Titane,2021
Neon,A Chiara,2022
Neon,All the Beauty and the Bloodshed,2022
Neon,Beba,2022
Neon,Broker,2022
Neon,Crimes of the Future,2022
Neon,Fire of Love,2022
Neon,Moonage Daydream,2022
Neon,Pleasure,2022
Neon,Triangle of Sadness,2022
Neon,Anatomy of a Fall,2023
Neon,Bait,2023
Neon,Eileen,2023
Neon,Ferrari,2023
Neon,How to Blow Up a Pipeline,2023
Neon,Infinity Pool,2023
Neon,It Lives Inside,2023
Neon,La chimera,2023
Neon,Oldboy,2023
Neon,Perfect Days,2023
Neon,Robots,2023
Neon,The Royal Hotel,2023
Neon,2073,2024
Neon,Anora,2024
Neon,Babes,2024
Neon,Brats,2024
Neon,Cuckoo,2024
Neon,Handling the Undead,2024
Neon,Immaculate,2024
Neon,Longlegs,2024
Neon,Mothers' Instinct,2024
Neon,Seeking Mavis Beacon,2024
Neon,Self Reliance,2024
Neon,Stress Positions,2024
Neon,The End,2024
Neon,The Seed of the Sacred Fig,2024
Neon,Hell of a Summer,2025
Neon,It Was Just an Accident,2025
Neon,Keeper,2025
Neon,Men of War,2025
Neon,No Other Choice,2025
Neon,Orwell: 2+2=5,2025
Neon,Presence,2025
Neon,Sentimental Value,2025
Neon,Shelby Oaks,2025
Neon,Splitsville,2025
Neon,The Actor,2025
Neon,The Life of Chuck,2025
Neon,The Monkey,2025
Neon,The Secret Agent,2025
Neon,Together,2025
Neon,EPiC: Elvis Presley in Concert,2026
Neon,Nirvanna the Band the Show the Movie,2026
Neon,Sirāt,2026
